Workbook

Sheet Shipping Info
A2: Fill out the instructions
A3: 1. Just fill in the yellow background identification box; select if you can, and fill in what you cannot 2. The table lists two specifications: one main and one second. If multiple units are needed, you can add a Sheet page and copy the content to fill in
A5: Receiving company | B5: VAT Number/EORI Economic Operator Registration Identification Number | C5: Shipping address | D5: Contact Person | E5: Contact number | F5: Email | G5: Trade Terms | H5: Shipping method

Sheet TB-D-Z192
A1: Smart tool holder cabinet selection and configuration table
A8: Cabinet type | B8: Product models | C8: Single unit size (mm) | D8: Unit weight (kg) | E8: Standard configuration | F8: Note
A9: Main cabinet | B9: AHNO-TB-D-Z192 | C9: 1527*1035*1968 | D9: 380 | E9: 21.5-inch touchscreen + standard server
A11: Tool holder specification selection
A12: Drawer number | B12: Handle specifications | C12: Handle height (including Latin) | D12: Number per unit | E12: Number of compartments per floor | F12: Note
A13: 1 | C13: =VLOOKUP(B13,'dont edit'!I:J,2,0) -> #N/A | D13: =VLOOKUP(B13,'dont edit'!I6:K10,3,0) -> #N/A | E13: =VLOOKUP(B13,'dont edit'!I6:L10,4,0) -> #N/A
A14: 2 | C14: =VLOOKUP(B14,'dont edit'!I:J,2,0) -> #N/A | D14: =VLOOKUP(B14,'dont edit'!I7:K11,3,0) -> #N/A | E14: =VLOOKUP(B14,'dont edit'!I7:L11,4,0) -> #N/A
A15: 3 | C15: =VLOOKUP(B15,'dont edit'!I:J,2,0) -> #N/A | D15: =VLOOKUP(B15,'dont edit'!I8:K12,3,0) -> #N/A | E15: =VLOOKUP(B15,'dont edit'!I8:L12,4,0) -> #N/A
A16: 4 | C16: =VLOOKUP(B16,'dont edit'!I:J,2,0) -> #N/A | D16: =VLOOKUP(B16,'dont edit'!I9:K13,3,0) -> #N/A | E16: =VLOOKUP(B16,'dont edit'!I9:L13,4,0) -> #N/A
A18: Parameter name | B18: specifications | C18: Customer configuration | D18: Note
A19: Power specifications | B19: AC220V
A20: Socket standards
A21: Brand

Sheet TB-D-F192
A1: Smart tool holder cabinet selection and configuration table
A8: Cabinet type | B8: Product models | C8: Single unit size (mm) | D8: Unit weight (kg) | E8: Standard configuration | F8: Note
A9: Secondary cabinet | B9: AHNO-TB-D-F192 | C9: 1125*1035*1968 | D9: 365
A11: Tool holder specification selection
A12: Drawer number | B12: Handle specifications | C12: Handle height (including Latin) | D12: Number per unit | E12: Number of compartments per floor | F12: Note
A13: 1 | C13: =VLOOKUP(B13,'dont edit'!I:J,2,0) -> #N/A | D13: =VLOOKUP(B13,'dont edit'!I6:K10,3,0) -> #N/A | E13: =VLOOKUP(B13,'dont edit'!I6:L10,4,0) -> #N/A
A14: 2 | C14: =VLOOKUP(B14,'dont edit'!I:J,2,0) -> #N/A | D14: =VLOOKUP(B14,'dont edit'!I7:K11,3,0) -> #N/A | E14: =VLOOKUP(B14,'dont edit'!I7:L11,4,0) -> #N/A
A15: 3 | C15: =VLOOKUP(B15,'dont edit'!I:J,2,0) -> #N/A | D15: =VLOOKUP(B15,'dont edit'!I8:K12,3,0) -> #N/A | E15: =VLOOKUP(B15,'dont edit'!I8:L12,4,0) -> #N/A
A16: 4 | C16: =VLOOKUP(B16,'dont edit'!I:J,2,0) -> #N/A | D16: =VLOOKUP(B16,'dont edit'!I9:K13,3,0) -> #N/A | E16: =VLOOKUP(B16,'dont edit'!I9:L13,4,0) -> #N/A
A18: Parameter name | B18: specifications | C18: Customer configuration | D18: Note
A19: Power specifications | B19: AC220V
A20: Socket standards
A21: logo

Sheet dont edit
I5: Handle specifications | J5: Handle height (including Latin) | K5: Number per unit | L5: Number of compartments per floor | M5: Configure the unit | N5: Maximum number per unit
B6: DAP | C6: Air freight | I6: BT30 | J6: 250mm | K6: 48 | L6: 12PCS/layer | N6: 192units
B7: CIF | C7: Sea freight | I7: BT40 | J7: 300mm | K7: 40 | L7: 10PCS/layer | N7: 160units
B8: EXW | C8: China domestic transportation | I8: BT50 | J8: 250mm | K8: 15 | L8: 5PCS/layer | N8: 60units
B9: China domestic transportation | I9: HSK63 | J9: 400mm | K9: 40 | L9: 10PCS/layer | N9: 160units
I10: HSK100 | J10: 400mm | K10: 15 | L10: 5PCS/layer | N10: 60units
C14: Brand | D14: Socket standards
C15: Walter | D15: EU Socket Type F (Schuko)
C16: SECO | D16: EU Socket Type E/F (Hybrid)
C17: Sandvik Coromant | D17: UK Socket Type G
C18: Dormer Pramet | D18: IT Socket Type L
C19: CRIBWISE | D19: CH Socket Type J
D20: DK Socket Type K
D21: Chinese standard
